simon,simon@simon.sim,01234567890,1988-10-25,1190,1
gvfdfdfdfdsfds,fdsfdsfdfd@rew.rew,123456798,2010-7-25,2283,1
kimlangdon,kn@live.com,242354,1923-12-12,23519,0
kate lee,katelee45@hotmail.com,0859624471,1990-05-29,6947,1
magg,hot_stone1985@yahoo.co,000000000,1985-03-16,13958,1
Sameena Begum,sam34none@gmail.com,99999999999,1990-8-01,29894,1
karen webster,jenjenni@talktalk.net,,1955-04-17,5384,1
Karthik d,karthik8602@gmail.com,9986878588,1987-07-30,27412,1
Sebastian,sebastian.leonardino@gmail.com,+91,1985-08-04,49803,0
Sebastian,sebastian.leonardino@gmail.com,+91,1985-08-04,33477,0
WooHoo,boognut13@yahoo.com,,1980-01-13,26058,0
Sameena Begum,sam4none@gmail.com,9902559618,1988-07-21,37662,1
danielle browne,danniib11@msn.com,,1994-02-11,16241,1
Jemk,the-nameless-666@hotmail.co.uk,06894024956,1992-06-04,13083,1
steven campbell,stecampbell2998@hotmail.co.uk,,1991-10-25,21978,0
shiji,shijimolsv@gmail.com,00000000000,1990-04-08,26275,1
aish,aish@gmail.com,96578412272,1985-07-11,6598,0
jessica ,xox_jess_2006_xox@hotmail.com,,1991-02-09,12228,0
sakshi,sakshidembla@yahoo.com,98445455646477,1947-10-25,1989,0
karthik,Karthik8602@gmail.com,9986878588,1987-07-30,39605,1
Roshnee Dewan,dewanroshni@ymail.com,8147514112,1988-02-22,25002,0
shalini,mary_shalini@ymail.com,9611232787,1989-08-01,26069,0
Suresh A,sureshananda@rocketmail.com,9845588814,1980-01-29,24941,1
roystonc,declined@bsky.com,9986594339,1973-09-08,25051,0
annie,annie_the_reds@hotmail.com,07910378152,1960-01-19,5511,0
annie,annie_the_reds@hotmail.com,07910378152,1960-01-19,11685,0
Karthik 8602,Karthik8602@gmail.com,9986878588,1987-07-30,38494,1
steven campbell,stecampbell2009@hotmail.co.uk,,1991-10-25,23910,0
Vaishakh Bhojraj,yshakh_salyan@yahoo.co.in,,1986-5-22,25682,0
kim,kim4thompson@hotmail.com,07928736456,1961-06-21,13670,0
roystonc,declined@sky.com,9986594339,1973-09-08,26850,1
Deepa,jap.dhesi@gmail.com,,1959-03-23,23961,0
Lyn,Linjay52@sky.com,,1952-05-09,2792,0
adel,adelh1988@live.co.uk,07548856727,1988-11-25,14320,1
magg,hot_stone1985@yahoo.co.in,0000000000,1985-03-16,25675,1
aishwarya,csjxfnhjk@gmail.com,45656,1987-07-11,6999,0
LINDA,MRSBEAR285NWALES@AOL.COM,,1970-04-13,24528,1
royston castellas,declined@bskyb.com,9986574339,1973-09-08,31970,1
SHANE OK,Shanedenis@hotmail.co.uk,0000000000,1985-01-01,29538,0
SHANE OK,Shanedenis@hotmail.co.uk,0000000000,1985-01-01,27784,0
Enya,ENYAX@HOTMAIL.CO.UK,07887569536,1997-7-9,25333,0
Roshnee Dewan,dewanroshni@ymail.com,8147514112,1988-02-22,24459,0
heyley,hsb05@hotmail.co.uk,07889987656,1991-01-10,26730,0
Martin Joseph,itsmemartin_10@yahoo.com,96209425029,1991-01-10,26071,1
dp,dp2000@yahoo.com,99785988744,1987-6-21,30867,1
sakshi,sakshidembla@yahoo.com,9980620785,2011-10-25,5708,1
Vishnu,diamondlucky@gmail.com,,1985-03-17,12401,1
Yashu,yashu.pipariya@gmail.com,09323488999,1978-11-03,30641,0
Shane okeeffe,Shanedenis@hotmail.co.uk,000000000,1901-01-01,99871,0
Sameena A,sm4none@gmail.com,9902559618,1989-07-21,46813,1
Vishnu ,diamondlucky@gmail.com,,1985-03-17,12924,0
anita,ani_kumar@hotmail.co.uk,,1968-01-12,5893,1
Yashu,yashu.pipariya@gmail.com,09323488999,1978-11-03,42212,0
Yogi,lays143@gmail.com,0000000000,1981-07-04,38889,0
Yogi,lays143@gmail.com,0000000000,1981-07-04,38134,0
Nicola Dowey,nicolagrimley285@hotmail.co.uk,,1993-7-16,25330,0
beth,suzelle@live.ie,07742862560,1963-07-07,14950,1
Yashu,yashu.pipariya@gmail.com,09323488999,1978-11-03,60846,0
Shridhar,kingshri2006@gmail.com,96986633434,1991-02-12,29687,0
Kartick Singh,knskak@gmail.com,999999999999999,1989-04-05,27848,1
Yashu,yashu.pipriya@gmail.com,09323488999,1978-11-03,62667,0
kate,kate_thegreat@hotmail.co.uk,07779302218,1990-10-09,18082,0
sdsa,dfasdfsscds@sdff.com,2314564,1985-07-21,19241,0
Amziie & Giizzy ,amz_786_92@hotmail.co.uk,07922956534,1993-09-20,25830,0
KATE,katepurchase@hotmail.co.uk,07779302218,1990-10-09,37911,0
G shanmugag,shanmuga785@gmail.com,9901555770,1985-12-07,25252,0
magg ,hot_stone1985@yahoo.co.in,0000000000,1985-03-16,41929,1
charles,charles@sky.com,9845059365,1985-02-28,26049,1
John Pradeep,pradeepjoh@gmail.com,9901949826,1987-10-14,40569,1
Joyson,joy_nos07@yahoo.com,9036240880,1989-12-05,26980,1
aish,aish@gmail.com,6554645,1987-10-8,15900,0
Mary Priya Joseph,joseph.michael@firstsource.com,9945166632,1984-05-07,23584,0
Shaunagh(Abtran) :),haha@hotmail.com,000,1999-11-21,24407,1
Royston.c ,Royston@bskyb.com,9986594339,1973-09-08,38958,1
MARK (ABTRAN),PISSOFF@TOILET.NET,980899886,1987-5-4,26570,1
PREETHAM GOWDA,preethambk@gmail.com,000000000000000,1985-05-09,24898,1
naga,sadfsfsdf@yjggh.com,3682452872,1985-06-08,39318,1
aish,aish@gmail.com,6554645,1987-10-8,20433,0
JOHN,john@gmail.com,0872369548,1900-02-21,23041,1
rahul,rahulesubzero@gmail.com,07912675136,1987-11-26,8136,0
zoe,zoewilliams.x@hotmail.co.uk,,1995-09-22,26309,0
roystonc,roystonc@yahoo.com,9986594339,1973-09-08,38617,1
aish,aish@gmail.com,656456,1990-07-11,23933,0
roystonc,roystonc@yahoo.com,9986594339,1973-09-08,38700,1
kate ,katepurchase@hotmail.co.ukl,07779302218,1990-10-09,39754,0
marie,marienicholson84@yahoo.co.uk,07806557917,1984-01-06,25866,0
Leoni,leoni_gibbons91@hotmail.com,07816992686,1991-12-31,25812,1
Emmaculat,anandi_1989@yahoo.com,9986569886,1987-08-29,27263,1
Sameena A,sam4none@gmail.com,9902559618,1988-07-22,39146,1
nazma,www.naz55@sky.com,07405280626,1985-12-6,21462,0
Yashu,yashu.pipariya@gmail.com,9323488999,1978-11-03,79588,0
azam pasha,azamshaz@gmail.com,9743771757,1988-02-04,20187,1
shanti,shanti.tumkur@gmail.com,9036687404,1987-08-08,23804,1
Moin always rocks!!!!!,khaja2811@gmail.com,9008710507,1988-11-28,104483,0
shanti,shanti.tumkur@gmail.com,9036687404,1987-08-08,23234,1
sadiq,sadiq008@aol.com,9036005103,1987-03-22,24301,0
ignatius,enofernandes02@yahoo.in,9870809679,1977-09-02,3282,1
Yogesh3,yogi_yogesh22@yahoo.com,0000000000,1982-07-04,77071,0
Yashu,yashu.pipariya@gmail.com,9323488999,1978-11-03,83377,0
alexo,joey213@gmail.com,9916277998,1987-10-14,4281,0
suresh.r,suresh.ooty1982@yahoo.co.in,9945842096,1982-07-03,90981,1
Vaishakh Bhojraj,yshakh_salyan@yahoo.co.in,9,1986-05-22,23530,0
Sangeetha,sangeetha_chinnathambi@yahoo.com,21443646,1993-04-26,6115,0
Sangeetha,sangeethsangeetha_chinnathambi@yahoo.com,21443646,1993-04-26,5951,0
Yashu,yashu.pipariya@gmail.com,0923488999,1978-11-03,74976,0
syra,saira_rockin@hotmail.com,,1991-10-4,17995,0
michael cox,lockers1978@hotmail.co.uk,,1978-12-16,12850,0
katie,louise_22@hotmail.co.uk,,1986-11-11,12261,0
michael cox,lockers1978@hotmail.co.uk,,1978-12-16,14081,0
katie,louise_22@hotmail.co.uk,,1986-11-11,26402,0
Gincy,gincy_l@yahoo.com,8050734257,1986-07-30,49866,0
Paul,polawin1@hotmail.co.uk,07545158872,1990-10-22,17488,0
yogesh4,mays_jan@yahoo.com,0000000000,1982-07-04,62636,0
Yashu,yashu.pipariya@gmail.com,9323488999,1987-11-03,105008,0
suresh.r,suresh.ooty1982@yahoo.in,9945842096,1982-07-03,148328,1
zahid majid,zahid_majid786@hotmail.com,07879204878,1969-05-23,14723,0
gincy,gincy_louis@yahoo.com,8156987469,1986-07-30,22084,1
Shaunagh :),rtrtrtr@gmail.com,09768567,1999-05-21,23364,1
STEVE S,STEVES@HOTMAIL.COM,07736983765,1970-09-27,15656,1
Shane okeeffe ,Shanedenis@hotmail.co.uk,0000000000,1990-01-01,155312,0
JANICE,JANICE@HOTMAIL.COM,0855555555,1923-12-23,16129,1
JANICE,JANICE@HOTMAIL.COM,0855555555,1923-12-23,14907,1
Roney Singh,sim.aleppo@gmail.com,9833234666,1989-11-06,15506,0
Sharan,sharanu_chandu@rediffmail.com,+917829717171,1984-02-14,27670,1
moin always rocks!!!!!!!!,khaja2811@gmail.com,7760096096,1989-09-09,128201,1
sangpo,bhuwangdu@yahoo.com,9900778542,1980-04-30,187871,0
sangpo,bhuwangdu@yahoo.com,9900778542,1980-04-30,17807,0
Sharan,sharanu_chandu@rediffmail.com,+917829717171,1984-02-14,26884,1
Kenisha Taylor,kenishataylor@hotmail.co.uk,07539723690,1992-12-30,32836,0
Kayley Healy,kayleyhealy@ymail.com,,1987-12-21,15954,0
alexo joeneta,alexojoeneta123@gmail.com,9994156811,1987-10-14,4764,0
maaz,sisiti_ansi1905@yahoo.com,9096319046,1990-05-19,15227,1
YOGESH8,yogi_yogesh22@yahoo.com,0000000000,1982-07-04,114579,0
shabir jasvir,shabirjasvir99@gmail.com,9986595589,1983-06-29,25295,0
sangeetha.c,sangeetha_chinathambi@yahoo.com,434313435464,1991-04-26,5863,1
Marie,marienicholson84@yahoo.co.uk,07806557917,1984-01-06,61611,0
vinith,vinithalva@yahoo.com,666666666666,1999-05-19,21815,0
grace thinesh,gt@yahoo.com,123456,1981-01-01,34868,0
JAYASHEELA,jayasheelap@gmail.com,8971474704,1988-02-10,3233,0
kavitha,kavitha@yahoo.com,9988664455,2001-01-01,26303,0
ashwini,ashu_bru@yahoo.co.in,9663352547,1990-12-01,26633,1
big poppa,philipmoore@listening.co.uk,07986433673,1980-11-06,13620,0
ash,ashu_bru@yahoo.co.in,0000000000,1990-12-01,25634,1
Amreen Shariff,AmreenShariff.Shariff6@gmail.com,9945584278,1989-03-11,23617,0
jack,jsn12dias@gmail.com,9035491184,1988-01-01,9823,0
King Kong,King@kong.com,,2011-06-26,16103,0
rita simbo,ritasimms@hotmaik.com,07792148328,1957-02-04,106124,1
janie loze,jloze@hotmail.co.uk,01534676453,1990-06-05,28002,0
E,E@EIROM.NET,000000000,1988-2-23,28522,1
joe,alexojoeneta123@gmail.com,9019394946,1987-10-14,4983,1
joe,alexojoeneta123@gmail.com,9019394946,1987-10-14,4599,1
E,E@EIROM.NET,000000000,1988-2-23,36459,1
claire,mike.james.claire@hotmail.co.uk,,1992-01-21,28392,0
Lisa Shovelar,lisa.shovelar@sky.com,07845752722,1986-04-15,13922,0
RONEY SINGH,roneydubai@hotmail.com,9768538889,1989-11-06,22429,0
BEX,B@HOTMAIL.COM,0864654545,1981-1-26,40219,1
Moin,khaja2811@gmail.com,9008710507,1988-11-28,135385,1
Anne Marie ,djcatz@hotmail.com,0,1989-12-20,12233,1
azam,azamshaz@gmail.com,9743771757,1988-02-04,23920,1
azam,azamshaz@gmail.com,9743771757,1988-02-04,26425,1
charlotte,bubblybabecharl@hotmail.com,,1990-07-21,16197,0
mmol,kymmoloney16@yahoo.co.uk,,1984-08-16,28110,0
rita simbo,ritasimms@hotmail.com,07792148328,1957-02-04,274147,1
shanmuga,shanmuga785@gmail.com,9901555770,1985-12-07,26571,0
paige,paige_pud123@hotmail.com,,1994-09-29,16909,0
Raksha,raksha.ravikumar@gmail.com,0000000000,1986-04-27,29818,1
super man ,Shanedenis@hatmail.co.uk,00000000000,1901-01-01,28438,0
Raksha,raksha.ravikumar@gmail.com,0000000000,1986-04-27,27364,1
Yashu,yashu.pipariya@gmail.com,9323488999,1978-11-03,180716,0
Hema,lathashalini28@gmail.com,9742003555,1988-06-28,3227,1
Gincy,michealjerald_m@yahoo.co.in,9741231351,1983-10-04,33541,1
Silosia,silosia22@yahoo.co.in,,1980-06-22,14089,0
roystonc,Royston_73@yahoo.com,9986594339,1973-09-08,40551,1
yogesh,yogi.yogesh@gmail.com,0000000000,1982-07-04,139945,0
sarah,groovy@hotmail.co.uk,01274723046,1958-09-29,24759,0
sushky,sush_sss2@indiatimes.com,,1981-3-4,28489,0
Swetha Mamidi,swethamamidi98@yahoo.in,9438385244,1990-08-21,9381,1
Lucas,dasslucas@rediffmail.com,00000000000,1975-12-19,22313,1
nirmal,nirmal_9531@yahoo.co.in,9004842950,1991-09-14,9009,0
Swetha Mamidi,swethamamidi98@yahoo.in,9438385244,1990-08-21,11841,1
Creative Cracker,creativecracker@gamil.com,7272727272,1989-04-22,22631,0
Tristan,trt21@mail.com,43054549549059,1988-02-21,12815,1
BOB,JOHNO@YAHOO.COM,0879013772,1989-08-23,18864,0
Colin McPherson,colinjmcpherson@hotmail.co.uk,07538838058,1990-10-21,29369,0
roystonc,roystonc_73@yahoo.com,9986594339,1973-09-08,37227,1
danni ,r.fergie.10@talktalk.net,07663311245,1990-08-15,23852,1
NAV,DEADLYNAV@HOTMAIL.COM,,1993-04-14,10520,0
Sharan,Boom@btinternet.com,7829717171,1984-02-14,23680,1
sadiq,sadiq008@aol.com,9036005103,1987-03-22,21320,0
liza,liza.liza@hotmail.co.uk,065485675646,1920-12-01,25045,0
Romeo Charles Nathan,romeo619220@yahoo.com,9870342947,1988-05-17,25903,0
Jason D'souza,declined@bskyb.com,288888888,2011-02-30,21246,1
$#JOYSON#$,joy_nos07@yahoo.com,9036240880,1989-12-05,54478,1
Ignatious,nitox619@yahoo.com,9930021981,1990-10-09,23861,1
Becky Tyson..x Preston..x yay!,chrisnbecky@live.co.uk,07708769477,1993-08-26,28814,0
Nicole,melissamadondo@hotmail.co.uk,07892333945,1995-3-12,22597,0
Yashu,yashu.pipariya@gmail.com,9323488999,1978-11-03,260626,0
yogesh,yogi.yogesh@gmail.com,0000000000,1982-07-04,119936,0
Nancy,nancy.5lenn@gmail.com,9986882465,1986-01-01,27558,1
a evans,chicken44@sky.com,,1958-07-24,2803,1
Shona,shonarenicks@hotmail.com,,1990-03-08,30014,0
Charli Tango,charlitopi@yahoo.in,900000000,2011-04-01,26707,1
$#Joyson#$,joy_nos07@yahoo.com,9036240880,1989-12-05,56061,1
chris,jos.chris@rediffmail.com,9902548160,1985-01-30,27192,0
Alex Pearson,POHJK@SKY.COM,07865432678,1993-11-30,12822,0
$#Joyson#$,joy_nos07@yahoo.com,9036240880,1989-12-05,82621,1
Safiyyah ,lamiece96@hotmail.co.uk,,1996-12-12,17636,0
nalini,nalini_jay@rediffmail.com,9886884659,1985-08-16,30244,0
yogesh8,yogi.yogesh@gmail.com,000000000,1982-07-04,175531,0
$#Joyson#$,joydefreak@gmail.com,9945746228,1989-04-17,114466,1
$#Joyson#$,joydefreak@gmail.com,9945746228,1989-04-17,77971,1
yogi1,yogi.yogesh@gmail.com,0000000000,1982-07-04,161531,0
Shona,shonarenicks@hotmail.com,07904976038,1990-03-08,39683,0
Raksha Ravikumar,raksharavi@gmail.com,9886491672,1986-04-27,28702,1
Josephprince,Joseph.prince77@yahoo.com,00000000000000,1986-05-02,31893,0
deebee,demla@live.co.uk,,1926-11-23,11562,0
Ignatious xxx,nitox619@yahoo.com,9930021981,1989-10-09,59449,1
arvind,jp.rvnd@gmail.com,567,1987-06-20,26545,1
lucky girl,lucky.girl@rediffmail.com,9886884659,1985-08-15,31428,1
Maria Nancy,maria.nancy5@gmail.com,9986885645,1986-01-01,28552,1
JOY,mrjoychandra@gmail.com,9743848335,1991-09-11,10409,0
yogesh10,yogesh.gidwani@gmail.com,0000000000,1982-07-04,173561,0
Mani J,mani@firstsource.com,9916081952,1984-09-14,25203,1
sadiq,sadiq008@aol.com,9036005103,1987-03-22,25965,0
moin,khaja2811@gmail.com,9008710507,1988-11-28,166953,1
Larissa D'cruz,laryd@gmail.com,9870568245,1984-12-10,32276,1
moin,khaja2811@gmail.com,9008710507,1988-11-28,251905,1
prince,princeshaji4787@gmail.com,7259505668,1987-07-04,26648,0
Martin,Martin_joe10@Yahoo.com,9900004264,1985-01-10,26803,1
dinesh,dinujan24@gmail.com,9916960143,1987-01-24,11704,0
deebee,demla@live.co.uk,,1926-11-23,13115,1
$#JOYSON#$,joydefreak@gmail.com,9945746229,1989-04-17,135580,1
Doja Odunowo,dojaodunowo@hotmail.co.uk,07525133821,1992-11-30,36128,0
shanmuga,shanmuga785@gmail.com,9901555770,1985-12-07,26420,0
Hannan here,hannan@sky.com,077956727277,1999-06-15,11426,0
ashley sudhera,ashleysudhera@hotmail.co.uk,07852761430,1992-10-25,27876,1
IGNATIOUS  \m/,nitox619@yahoo.com,9930021981,1989-10-09,129886,1
Yashu,yashu.pipariya@gmail.com,9323488999,1978-11-03,262053,0
Shanti A T,shanti.tumkur@gmail.com,9036687404,1987-08-08,23900,1
joychandra sharma,mrjoychandra@gmail.com,000000000000000,1991-09-11,19304,1
swetha,swethamamidi98@yahoo.in,9538385244,1990-08-21,11523,1
katie,bainzee1986bainzee@yahoo.co.uk,,1986-01-16,16382,0
hannan :),sky@hotmail.com,,1991-05-04,23998,0
clinton christopher,clintoon.rozario@gmail.com,9742066073,1983-12-17,44195,0
sadiq,sadiq008@aol.com,9036005103,1987-03-22,38181,1
jayesh,cool.jayeshsharma@gmail.com,9930001318,1985-02-18,8400,0
defny,DMASCARENHAS17@GMAIL.COM,8082678090,1991-07-17,12944,1
Ignatious,czechfernandes@gmail.com,9769050223,1990-10-09,134642,1
Sangpo,j.sangpo@yahoo.com,9900774779,1980-04-30,479180,1
you,youandme@hotmail.com,07734591102,1988-09-09,29216,1
han here!,sky@hotmail.com,07894678490,1991-05-04,25350,0
cait,caitb15@hotmail.com,,1991-10-31,35504,1
sangpo,pasjamt@yahoo.com,9900774776,1980-04-30,394169,1
cait,caitb15@hotmail.com,,1991-10-31,47962,1
lola,lola@sky.com,07957987340,1991-09-15,23759,0
simsim,simmonegray@yahoo.co.uk,999999,1988-11-30,25147,0
raps,raps@raps.co.uk,04562,1985-08-12,26630,0
matty adam ,matty135@hotmail.co.uk,01915190052,2011-2-26,23209,1
faba shariff,faba_456@yahoo.co.in,+919036413483,1985-08-02,4046,1
Ignatious xxx,czechfernandes@gmail.com,9930021981,1990-10-09,46611,1
Nelufer Hajwane,neluferhajwane@hotmail.co.uk,07979065786,1984-03-27,5611,1
sabina,sabina110407@hotmail.co.uk,,1989-05-09,18148,1
Neil (Prolog),flat_eric1982@btinternet.com,07999999999,1982-06-01,101486,1
LUCAS,dasslucas@rediffmail.com,,1985-01-01,24079,0
shizzie,s.inoua@live.co.uk,07898543567,1991-10-29,25372,1
Richard D'souza,richard7343@gmail.com,902909750,1989-06-20,31543,1
Larrisa D'cruz,lardcry@yahoo.com,9987568524,1985-02-01,114559,1
nathan ollerton,olleruk52@hotmail.co.uk,07596395491,1990-08-10,15569,1
Richard D'souza,richard7343@gmail.com,9029097050,1989-06-20,32027,1
marc patterson,nufc4eva2010@hotmail.co.uk,,1989-11-10,17269,0
raps,what@talktalk.net,018,1985-08-01,33476,0
sangeetha.c,sangeetha_chinnathambi@yahoo.com,463565+56712121,1992-04-26,14916,1
samantha,samanthajobs@hotmail.co.uk,,1989-09-12,6889,1
sangeetha.c,sangeetha_chinnathambi@yahoo.com,463565+56712121,1992-04-26,18654,1
jennifer ellam,jennifer.ellam@hotmail.co.uk,07592112624,1989-05-29,15421,0
eno,enofernandes02@yahoo.com,9870809679,1987-02-01,17524,0
daniel wilson,danthezombie@btinternet.com,94054556,1996-6-25,13471,0
Ignatious xxx,czechfernandes@gmail.com,9930021981,1989-10-09,198160,1
honeypir,chocolate_@hotmail.co.uk,,1992-04-15,26055,1
JIGNESH,NBKDF@GMAIL.COM,1456444154,1984-11-28,31363,1
Yogeshg,yogesh.gidwani@gmail.com,0000000000,1982-07-04,144207,0
si man,no@yahoo.co.uk,017909746,1987-07-28,27799,0
Tila,tilson_tilu22@yahoo.co.in,9967432812,1989-01-22,24367,0
Angela,anjuno1@hotmail.com,,1990-10-08,25963,1
Abigail Phillips,abi.in.wonderland@hotmail.co.uk,,1990-11-28,12924,0
IGNATIOUS,czechfernandes@gmail.com,9930021981,1990-10-09,336116,1
raisa begum,raisa-begum@hotmail.co.uk,,1999-03-21,23648,0
darrel green,darrel.green@btinternet.com,07801508917,1976-01-06,14861,0
IGNATIOUS XXX,czechfernandes@gmail.com,9930021981,1990-10-09,614530,1
carolynne,carolynnepeirson2004@hotmail.com,,1985-09-20,14710,1
carolynne,carolynnepeirson2004@hotmail.com,07725495871,1985-09-20,23514,1
Greggion mounts,gmounts.k@sky.com,07885962656,2011-07-23,26837,1
Monika,mz_dimplezz@hotmail.co.uk,,1988-07-02,34599,1
wendy,p.beddow@hotmail.com,,1940-11-29,13664,1
Chloe Osmotherley,clo_ossie@hotmail.co.uk,07947334461,1996-06-25,24947,0
liam,barnsleyfc1@hotmail.co.uk,01933502613,1992-01-30,17671,0
fred shaw,tcshaw@btinternet.com,07764823559,1967-10-16,13135,0
Karthik R badboys,Karthi210717@gmail.com,1234567890,1988-07-21,2758013,0
Mani J BadBoys,mani.kfc@gmail.com,1234567890,1986-09-14,2321023,1
cameron howlett,camaz101@hotmail.cm,07766416399,1978-6-4,27440,0
akther ,x-akther-x@hotmail.co.uk,,1993-11-07,23833,0
OKeeffe_Sha,Shanedenis@hotmail.co.uk,0000000000,1901-01-01,428112,0
YOKO,susanlavin124@btinternet.com,,1948-05-20,12746,1
OKeeffe_Sha,Shanedenis@hotmail.co.uk,0000000000,1901-01-01,27049,0
darren,dazzas@live.ie,0861016584,1990-6-30,16548,0
charlotte,charlotte3010@hotmail.co.uk,07868152233,1993-10-30,11925,0
Badgerchap,guystimpson42@googlemail.co.uk,,1983-9-18,24141,1
Karthik r Badboys,Karthik210717@gmail.com,01226719256,1988-07-21,600949,1
Hemalatha,hemanthvgowda86@gmail.com,9731005556,1988-06-28,25225,0
Karthik r Badboys,Karthik210717@gmail.com,01226719256,1988-07-21,582883,1
jennifer ellam,jennifer.ellam@hotmail.co.uk,07592112624,1989-05-29,25039,0
anitha,anirajan72@gmail.com,9535862858,1991-12-02,26446,1
paige c,paigelcarrrrr@hotmail.co.uk,07756382788,1994-10-29,12209,0
paige c,paigelcarrrrr@hotmail.co.uk,07736537667,1994-10-29,13285,0
katie baines,bainzee1986bainzee@yahoo.co.uk,,1986-01-16,23147,0
Karthik r badboys,Karthik210717@gmail.com,12354465465,1986-07-21,113946,0
Gavin,raymondgavin@aol.com,,1986-09-14,25640,0
Karthik r,Karthi210717@gmail.com,01575645454,1988-07-21,442281,0
Karthick R Badboys,Karthik210717@gmail.com,9886040207,1988-07-21,391805,0
rebecca naya,beckyboo_312@hotmail.com,07800841266,1992-02-23,24351,0
IGNATIOUS XXX,nitox619@yahoo.com,9930021981,1990-10-09,468585,1
lorrell ,lorrell_2@hotmail.com,07931618131,1989-08-25,47277,0
Aseya Malik,aseyamalik@hotmail.co.uk,07940232908,1998-02-10,38739,0
Gopipreetam,gopimcct@gmail.com,+919035690471,1976-05-11,23253,1
CODE MASTER,aurangzeb12@hotmail.co.uk,07727664212,1987-05-12,27747,1
haley green,haley.monaghan@gmail.com,,1972-04-1,8039,0
haley green,haley.monaghan@gmail.com,,1972-04-1,12136,0
katie,bainzee1986bainzee@yahoo.co.uk,,1986-01-16,23457,0
Karthick R,Karthik210717@yahoo.com,9668764545,1988-08-21,255034,0
paige c,paigelcarrrrr@hotmail.co.uk,07262572828,1994-10-29,26379,0
Karthick R,Karthik210717@gmail.com,9886040208,1988-07-21,278998,0
charl morris,x.charl_morris.x@hotmail.co.uk,07587987978,1992-01-01,14062,0
ronke,bejideaderonke@yahoo.com,,1973-03-18,26035,0
YOUR MUM,YOURMUM@HOTMAIL.COM,01234567890,1986-09-14,24023,0
fran,francescar21@aol.co.uk,,1988-06-21,20628,0
shifara,fara@yahoo.com,0756741536,1990-02-28,27157,0
swethasathish,swethasathish@ymail.com,07440441571,1993-01-26,2141,0
IGNATIOUS   XXX,czechfernandes@gmail.com,9930021981,1990-10-09,621236,1
devon,devonthomson6@gmail.com,0857436029,1991-03-14,22042,1
jean heath,jeanhth@aol.com,,1945-07-11,3586,1
sadiq,sadiq008@qol.com,9036005103,1987-03-22,25764,1
shanaya elizabeth,bambi24@live.co.uk,07563275647,1998-11-27,24627,0
ritasimbo,ritasimms@hotmail.com,07792148328,1957-02-04,351108,1
Babylala,bashmentkdd@hotmail.com,07946481765,1988-1-13,21948,1
Karthick r,Karthik210717@gmail.com,9538795414,1988-07-21,209616,0
Karthik r,Karthik210717@gmail.com,9538795896,1988-07-21,519449,0
Lakshmi,lakshmi.friends143@gmail.com,8123158623,1989-06-14,23095,0
Emily,emcornwall1@hotmail.co.uk,,2002-02-28,3631,0
yvonne,yvonnerapka@hotmail.com,07547743291,1985-10-02,17690,0
Lee Corfield,corfield1@yahoo.co.uk,07742990270,1991-07-07,12682,0
katie,bainzee1986bainzee@yahoo.co.uik,,1986-01-16,22778,0
Chris Williams,lilluda@hotmail.co.uk,,1993-05-10,25894,0
naz ruby,ruk_12@hotmail.co.uk,07584782024,1996-03-10,23468,1
Mani j 5050,mani.kfc@gmail.com,9916081952,1985-09-14,517074,1
joanne,pricejc@live.co.uk,,1988-01-15,24304,0
Alice,lis_193@hotmail.com,,1989-07-17,25391,0
Alice,lis_193@hotmail.com,,1989-07-17,25424,0
Nia,oekapf@ejapfoe.com,072459314085960,1991-09-09,31831,0
georgia palmer,georgie.palmer@btinternet.com,07889832141,1991-02-24,27565,1
Nia,wetjigwoe@etwoj.com,076829292710498,1991-09-09,36943,0
Nia,wetjigwoe@etwoj.com,076829292710498,1991-09-09,36808,0
liamdowney,liam.downey@gmx.com,02154879,1992-08-05,23028,0
Nia,egwae@awegawe.com,0792010155830,1992-09-09,34899,0
fozia,foz_2007@hotmail.co.uk,07890180735,1986-07-18,16596,0
Jules,julie.anne42@hotmail.co.uk,,1963-10-01,3194,1
Nia,wkjeowg@wejgwo.com,078991248928531,1991-09-09,35415,0
johnson.w,jo.john836@gamil.com,8050765196,1990-02-10,14947,0
Nia,wopegiwpo@wejgwp.com,079862518421321,1991-09-09,37424,0
jo jo,powellrichard@sky.com,075138898543,1980-03-21,13080,0
hk,sky@hotmail.com,,1991-05-04,21176,0
hk,sky@hotmail.com,,1991-05-04,21485,0
lauren ,lauren0406@hotmail.co.uk,07890123450,1991-06-04,28353,0
Shevonne,shevonne.wilson@yahoo.co.uk,07854039626,1988-06-28,15102,0
Nia,nia@nia.com,078912143542001,1991-09-09,54766,0
Anosh,fun2play@gmail.com,9967528965,1986-08-10,53853,1
Nia,nia@nia.com,073908091850131,1991-09-09,58282,0
Nahid,nani2008@hotmail.co.uk,,1999-12-22,891,1
Nia,nia@nia.com,073981480193081,1991-09-09,49472,0
Nia,nia@nia.com,078392587928750,1991-09-09,46193,0
elli22,elli772@hotmail.co.uk,07840386293,1992-02-07,44245,0
janet,r_tillman@sky.com,,1952-09-07,972,0
sheila,sheilap1985@hotmail.com,07798473333,1985-05-12,23601,1
Yogesh10,yogesh.gidwani@gmail.com,0000000000,1982-07-04,305224,0
Robbie Poo,Rubycava@hotmail.com,,1981-06-24,13078,1
RUBEN PAUL B,rubendihno@gmail.com,,1990-10-30,14962,1
james,snake55@rock.com,,1990-1-16,12449,0
siman,davecorino@hotmail.co.uk,,1988-05-12,32624,0
Sam Mellor,Mellor354@hotmail.com,07882868710,1992-09-28,13395,0
Sam Mellor,Mellor354@hotmail.com,07882868710,1992-09-28,13152,0
Nia,nia@nia.com,078209481094010,1991-09-09,53472,0
lynnes team,fwefv@hotmail.com,55545445,1993-9-8,24157,1
sian,sianfisher13@hotmail.com,,1996-01-01,25582,1
JENNY B,Jeanetteball1@hotmail.co.uk,,1965-01-16,48926,1
natalie hudson,natalie_96_@live.co.uk,,1996-03-28,14692,0
RUBEN PAUL B,rubendihno@gmail.com,,1990-10-30,22627,1
Nia,nia@nia.com,078900310348058,1991-09-09,51154,0
Nia,nia@nia.com,073801034180943,1991-09-09,50339,0
Mez,mez-123@hotmail.co.uk,,1991-03-06,22686,0
Hema,lathashalini28@gmail.com,0000000000,1988-06-28,29508,1
alexo,alexojoeneta123@gmail.com,8892538352,1989-10-14,7755,1
Gincy Louis,gincy_louis@yahoo.com,9735487965,1986-07-30,24334,1
Ashish,ashish77720@gmail.com,,1989-06-29,8719,1
Nia,nia@nia.com,078983018409130,1991-09-09,52968,0
travis sands,travis0701@hotmail.co.uk,07886077171,2001-07-23,28048,0
haider abbas bokhari,9555078@ex.tvu.ac.uk,,1984-06-23,11939,1
ruben paul b,rubendihno@gmail.com,,1990-10-30,20975,1
mz,mez-123@hotmail.co.uk,,1992-03-12,24558,0
Nia,nia@nia.com,073928019380010,1991-09-09,52091,0
Simeon Sargeant,shanko-sims@hotmail.com,07838610246,1993-12-07,11760,0
Nazneen ,naazy786@hotmail.co.uk,07731689051,1993-05-26,24250,0
patricia mcquaid,triciamcquaid@hotmail.com,0879613201,1968-03-14,28491,0
Nia,nia@nia.com,079830194810011,1991-09-09,52864,0
David,david.cornes@gmail.com,,1990-04-12,15242,1
Nia,nia@nia.com,078938014931008,1991-09-09,51390,0
Nia,nia@nia.com,078031948109348,1991-09-09,54102,0
Nia,nia@nia.com,078938402813090,1991-01-09,53963,0
Nia,nia@nia.com,07890381093100,1991-09-09,53888,0
hassan,hh@hotmail.co.uk,09011105010,1990-02-14,24405,0
ruben paul b,rubendihno@gmail.com,,1990-10-30,20501,1
shanmuga,shanmuga785@gmail.com,9901555770,1985-12-07,26624,0
JENNY,jeanetteball1@hotmail.co.uk,,1965-01-16,54271,1
THOMAS MILLAR,google@email.com,07895878987,1991-08-19,82922,1
Nia,nia@nia.com,078099380139840,1991-09-09,52070,0
Nia,nia@nia.com,0793801391010,1991-09-09,54451,0
c williamson,ctwllmsn@aol.com,079627618,1959-04-06,16675,0
Judith Jones,judithjones4murtons@talktalk.net,,1950-08-21,21859,0
sandra,denize1947@hotmail.co.uk,,1947-03-24,5013,1
ruben paul b,rubendihno@gmail.com,,1990-10-30,25136,1
sally jones,sally.r.jones@hotmail.com,,1983-01-25,12783,0
sally jones,sally.r.jones@hotmail.com,,1983-01-25,15779,0
Nia,nia@nia.com,078990989878767,1991-09-09,53474,0
neil,neil07@gmail.com,079325445655,1988-01-03,27294,0
Nia,nia@nia.com,078934109284019,1991-09-09,54123,0
Nia,nia@nia.com,078109384101080,1991-09-09,52944,0
serte,dfgdfg@gmail.com,45657656,1996-7-4,19790,1
Trace,trace77@sky.com,,1963-05-10,26705,0
Amreen Shariff,AmreenShariff.Shariff6@gamil.com,7829540835,1989-03-11,25410,0
kim.johnstone,k_johnstone21@yahoo.co.uk,,1985-04-25,25738,0
Penny ,pennymytton@hotmail.com,07805097657,1970-10-12,13780,1
Penny ,pennymytton@hotmail.com,07805097657,1970-10-12,15898,1
SOPHIE CULLENN <3,dfghd@hotmail.co.uk,07665698789,1989-02-27,19695,0
Amreen Shariff,AmreenShariff.Shariff6@gmail.com,7829540835,1989-03-11,27029,0
Kelly Dudley,xx@xx.com,00,1989-08-28,18372,0
JENNY,JEANETTEBALL1@HOTMAIL.CO.UK,,1965-01-16,54901,1
caroline,caroline_piccio17@hotmail.com,0876252743,1991-02-17,27157,1
jeanettebally,jeanetteball1@hotmail.co.uk,,1965-01-16,64380,1
hannah jones,miss.jones.07@hotmail.co.uk,07525986851,1990-03-22,26308,0
Neelam,neelam.lovely4u@gmail.com,7760096096,1989-09-09,117510,1
Nancy%%%,maria@yahoo.com,9886485123,1988-01-01,75669,1
Amreen,AmreenShariff.Shariff6@gmail.com,7829540835,1989-03-11,26777,0
JampaS,deepak.phardhan@firstsource.com,9900744770,1980-04-30,1854388,1
Amreen,AmreenShariff.Shariff6@gmail.com,9945584278,1989-03-11,25082,1
Amreen,AmreenShariff.Shariff6@gmail.com,9945584278,1989-03-11,25698,1
Nia,nia@nia.com,079834719837198,1991-09-09,51808,0
harrison,reyyy@hotmail.co.uk,,1989-01-26,24174,0
Nia,nia@nia.com,080239820280939,1991-09-09,52064,0
jeanettebally,jeanetteball1@hotmail.co.uk,,1965-01-16,68686,1
Moin0909,noemail@email.com,07760096096,1901-09-09,1777360,1
jeanettebally,jeanetteball1@hotmail.co.uk,,1965-01-16,70935,1
Nia,nia@nia.com,078740398109830,1991-09-09,53322,0
kim,kimsneddon@hotmail.co.uk,,1966-02-19,26132,1
abc,4444444444@gmail.om,444444444444444,1999-09-24,23888,1
lisa radnedge,lisa_bristol@live.co.uk,,1987-01-24,24968,0
Sheila Owens,Owenssheila50@yahoo.co.uk,07563256289,1965-01-07,1999,1
Titwank McFuckface,mrfeaitken@gmail.com,,1981-07-29,16923,1
rickyardo,weecardo@hotmail.com,07581749029,1991-07-11,28045,0
Danny Payne,dannypayne19@gmail.com,000,1991-01-30,26443,1
tracey,trace77@sky.com,,1963-05-10,25259,0
kim,kimsneddon@hotmail.co.uk,,1966-02-19,26807,1
kim,kimsneddon@hotmail.co.uk,,1966-02-19,25595,1
SHAY LEWIS,SHAY_170@HOTMAIL.COM,075286652365,1992-03-18,23984,1
alyson,stardustcharlee@yahoo.co.uk,,1990-07-09,12622,0
Jitender Mishra,Jithumishra@gmail.com,000000,1987-09-25,24844,0
maria,mimi93@hotmail.co.uk,,1993-01-29,14922,0
Bethany,minilogin@hotmail.com,,1992-07-20,13005,0
Nia,nia@nia.com,089311048931094,1991-09-09,54426,0
cardooo7,weecardo@hotmail.com,07581749029,1991-07-11,28069,0
chandra,chandra@hotmail.co.uk,07776566598,1976-09-10,30245,0
